model,fold,log_loss,brier,accuracy
lasso_lr,0,0.6110229844391765,0.21151366642026287,0.6826347305389222
ridge_lr,0,0.6103271198145562,0.21114561958689498,0.6808383233532934
elasticnet,0,0.6111201783396442,0.21155894695889527,0.6820359281437126
logistic,0,0.6103486875029248,0.21115471774767208,0.681437125748503
xgboost,0,0.6090662774078558,0.21084053814411163,0.6640718562874252
lasso_lr,1,0.6046961857444457,0.2086003826469947,0.6833541927409261
ridge_lr,1,0.6044038204071955,0.20851798085926257,0.6846057571964956
elasticnet,1,0.6052168803436815,0.20879775452467025,0.6783479349186483
logistic,1,0.6044355811088477,0.20853093071622006,0.6846057571964956
xgboost,1,0.6055488228548317,0.2091417908668518,0.6683354192740926
lasso_lr,2,0.6035679544907973,0.20917031151057033,0.6564495530012772
ridge_lr,2,0.6027148132571801,0.20889925560750042,0.6590038314176245
elasticnet,2,0.604726978116264,0.20959296981035772,0.6564495530012772
logistic,2,0.6027050153802894,0.20889185249555098,0.6583652618135377
xgboost,2,0.6021657637423579,0.2082224041223526,0.6596424010217113
lasso_lr,3,0.6410373714777133,0.22470534372135292,0.6326194398682042
ridge_lr,3,0.6411984950246827,0.22487698180071847,0.6293245469522241
elasticnet,3,0.6413767754895031,0.22483278500689696,0.6309719934102141
logistic,3,0.6412279323697019,0.2248897333567881,0.6293245469522241
xgboost,3,0.6379203546345308,0.22358056902885437,0.6532125205930808
lasso_lr,4,0.6966817023849904,0.25023730544589784,0.5491803278688525
ridge_lr,4,0.6958434285560703,0.24977356911586496,0.5409836065573771
elasticnet,4,0.6966963401406867,0.2502736371162863,0.5532786885245902
logistic,4,0.6958885776172504,0.24979309895293172,0.5409836065573771
xgboost,4,0.6855200496943392,0.24518850445747375,0.5676229508196722
lasso_lr,5,0.6827571208793493,0.2431823114436566,0.5865384615384616
ridge_lr,5,0.6869794461311081,0.24497221959315704,0.5913461538461539
elasticnet,5,0.6831647666327741,0.24332362022819426,0.5865384615384616
logistic,5,0.6869690327184963,0.2449609494991628,0.5913461538461539
xgboost,5,0.6742782251379359,0.23989281058311462,0.5769230769230769
lasso_lr,6,0.6579393339238815,0.23215676696297058,0.6205128205128205
ridge_lr,6,0.6559987542124605,0.23089709124811392,0.6205128205128205
elasticnet,6,0.6587541564363575,0.23254012599051155,0.6205128205128205
logistic,6,0.6554530250320956,0.2306463815750056,0.6205128205128205
xgboost,6,0.6525077668619056,0.23054121434688568,0.5948717948717949
lasso_lr,7,0.6253002345443924,0.2184203622271973,0.6217616580310881
ridge_lr,7,0.6266722373550526,0.2188911833842257,0.6217616580310881
elasticnet,7,0.6253583642759125,0.21848911570573476,0.6269430051813472
logistic,7,0.6266852154571618,0.21889418386897802,0.6217616580310881
xgboost,7,0.6225950557382212,0.21705247461795807,0.6243523316062176
lasso_lr,8,0.6678803135688499,0.2368409828439595,0.5971223021582733
ridge_lr,8,0.6680666061899286,0.2368792770966516,0.60431654676259
elasticnet,8,0.6682936493215299,0.23701535096818704,0.5971223021582733
logistic,8,0.668082838081949,0.23688509226107593,0.60431654676259
xgboost,8,0.6555854261151917,0.2310749888420105,0.6402877697841727
lasso_lr,9,0.6945888042742137,0.24642249060955787,0.5982142857142857
ridge_lr,9,0.6946873672427195,0.24637892951617538,0.5982142857142857
elasticnet,9,0.6947066702844872,0.24639344861802023,0.5982142857142857
logistic,9,0.6947088755233798,0.2463810196248209,0.5982142857142857
xgboost,9,0.6837388924946441,0.24385668337345123,0.5892857142857143
lasso_lr,10,0.7272199662166654,0.2647524006582631,0.5130434782608696
ridge_lr,10,0.7251754976698471,0.26384546774315404,0.5043478260869565
elasticnet,10,0.7281734197402421,0.26520334433281534,0.4956521739130435
logistic,10,0.7252444515717729,0.26387769671840167,0.5043478260869565
xgboost,10,0.7101840970936332,0.2564086318016052,0.5347826086956522
lasso_lr,11,0.660716534727798,0.23437655476628713,0.532258064516129
ridge_lr,11,0.6605646834297902,0.23426755592056733,0.532258064516129
elasticnet,11,0.6611094865086544,0.23453080737821455,0.532258064516129
logistic,11,0.6605958720231884,0.2342789274501393,0.532258064516129
xgboost,11,0.6779648760395018,0.24320288002490997,0.5241935483870968
lasso_lr,12,0.631593318297761,0.21913006623737274,0.6682692307692307
ridge_lr,12,0.6321396728637073,0.21962291061522207,0.6586538461538461
elasticnet,12,0.631363433447947,0.218939491923327,0.6634615384615384
logistic,12,0.632152430683126,0.21962672219510387,0.6586538461538461
xgboost,12,0.621561989911831,0.2166917622089386,0.6490384615384616
lasso_lr,13,0.6484269665999705,0.23086301102147477,0.6106870229007634
ridge_lr,13,0.6485150180970495,0.23103581872450063,0.6106870229007634
elasticnet,13,0.6489941399873671,0.23116098025420978,0.6106870229007634
logistic,13,0.64853938749796,0.23105237720032773,0.6106870229007634
xgboost,13,0.6422669979489323,0.22673571109771729,0.6106870229007634
lasso_lr,14,0.6841881236039149,0.24402065913302187,0.5878136200716846
ridge_lr,14,0.6843862075089324,0.24386939227151355,0.5967741935483871
elasticnet,14,0.6843949373871351,0.24403933879432152,0.5919952210274791
logistic,14,0.6839082094868707,0.24369422379740796,0.5931899641577061
xgboost,14,0.6902508734050236,0.24706827104091644,0.5800477897252091
lasso_lr,15,0.6501287791546705,0.2290931300272903,0.6194331983805668
ridge_lr,15,0.6520680460968217,0.22993955940988756,0.6174089068825911
elasticnet,15,0.6506326617860378,0.2293243209321916,0.6204453441295547
logistic,15,0.6517216191442122,0.2297768841014666,0.6169028340080972
xgboost,15,0.6460362593120489,0.2270045131444931,0.632085020242915
lasso_lr,16,0.6402027682331254,0.22486534022878724,0.6202365308804205
ridge_lr,16,0.6417608363030206,0.22561682325634808,0.6189224704336399
elasticnet,16,0.6404135515286036,0.22496623555240963,0.6208935611038108
logistic,16,0.641818302434456,0.22564539826990337,0.6195795006570303
xgboost,16,0.6303637606252924,0.22044287621974945,0.6340341655716163
lasso_lr,17,0.6102787747651813,0.21123135451204111,0.6644670050761421
ridge_lr,17,0.6102249012287304,0.2112453359820662,0.6654822335025381
elasticnet,17,0.6102633161495898,0.2112400934671294,0.6680203045685279
logistic,17,0.6102606873562811,0.21126265685542372,0.6654822335025381
xgboost,17,0.6103419591762516,0.21107420325279236,0.6741116751269035
lasso_lr,18,0.6177545386748765,0.21420139223264045,0.6676904176904177
ridge_lr,18,0.6188492690684307,0.21464931854745925,0.6633906633906634
elasticnet,18,0.6180361674289867,0.21432937788853132,0.6652334152334153
logistic,18,0.6191916657597193,0.21479299777208916,0.6597051597051597
xgboost,18,0.612941899633014,0.21262545883655548,0.6560196560196561
lasso_lr,19,0.6679627917042301,0.2376531665437834,0.575
ridge_lr,19,0.6690168482537003,0.2381478411279715,0.5760416666666667
elasticnet,19,0.6681318621621843,0.23770959262673022,0.5791666666666667
logistic,19,0.6676992014469484,0.23757320927703163,0.575
xgboost,19,0.6638952860548065,0.2362174242734909,0.5895833333333333
lasso_lr,20,0.6484842965248321,0.2298646037125195,0.6016260162601627
ridge_lr,20,0.6492898506728771,0.23018901145477824,0.5934959349593496
elasticnet,20,0.6485709384927004,0.2298997999798125,0.6016260162601627
logistic,20,0.6493470004319399,0.2302306000407888,0.5955284552845529
xgboost,20,0.6565099845705223,0.23353517055511475,0.5894308943089431
lasso_lr,21,0.6103142445001518,0.2110323148201625,0.6882591093117408
ridge_lr,21,0.6078300214581953,0.20993092027360447,0.6983805668016194
elasticnet,21,0.6104142231073696,0.21111442691722415,0.6882591093117408
logistic,21,0.607863501912793,0.2099044466875804,0.6963562753036437
xgboost,21,0.6214458859323685,0.21657852828502655,0.6680161943319838
lasso_lr,22,0.5985623456991769,0.20673232688134127,0.6748878923766816
ridge_lr,22,0.595568858050872,0.20534761429724904,0.6860986547085202
elasticnet,22,0.5987779231126018,0.20684871197053317,0.6771300448430493
logistic,22,0.5956655878237012,0.20538224056673962,0.6860986547085202
xgboost,22,0.6172857362167358,0.21389472484588623,0.672645739910314
lasso_lr,23,0.6392554900471135,0.22407972928122857,0.6506024096385542
ridge_lr,23,0.6384015350708468,0.2237382603403406,0.6445783132530121
elasticnet,23,0.6401667009146654,0.22445153188737088,0.6485943775100401
logistic,23,0.6385195429501965,0.22378228588442256,0.6405622489959839
xgboost,23,0.647502110471277,0.22692988812923431,0.6465863453815262
lasso_lr,24,0.6555492470531588,0.23115194724107196,0.6051829268292683
ridge_lr,24,0.6579151961221941,0.23187113989105998,0.6051829268292683
elasticnet,24,0.65535342067179,0.23119855324763905,0.6028963414634146
logistic,24,0.6579624853069319,0.2318902715136055,0.604420731707317
xgboost,24,0.6559350494666116,0.23111143708229065,0.625
lasso_lr,25,0.6337215508156848,0.2212753502337912,0.6472537878787878
ridge_lr,25,0.6331045659989737,0.2210205439490712,0.646780303030303
elasticnet,25,0.633769225066212,0.2212773004042231,0.6458333333333334
logistic,25,0.6331036594658724,0.22102029204301327,0.646780303030303
xgboost,25,0.6372139353096729,0.22305333614349365,0.6387310606060606
lasso_lr,26,0.6846082929280329,0.22795973271549733,0.6140519730510106
ridge_lr,26,0.6900935037059988,0.22814267957313183,0.6159769008662175
elasticnet,26,0.6841203046608255,0.22783592053243967,0.6145332050048123
logistic,26,0.6901359429112798,0.22814398295422506,0.6169393647738209
xgboost,26,0.6381306991356185,0.22392232716083527,0.6280076997112608
lasso_lr,27,0.6455638486936432,0.22778002963892563,0.619102416570771
ridge_lr,27,0.6464563537848204,0.2280969804020284,0.620253164556962
elasticnet,27,0.6462748004563719,0.22805627403018822,0.61795166858458
logistic,27,0.6464710549991974,0.22810294132642167,0.620253164556962
xgboost,27,0.6446422368945129,0.22732605040073395,0.616800920598389
lasso_lr,28,0.634202665267137,0.2225752242581674,0.6194926568758344
ridge_lr,28,0.6361463540577348,0.2233796930216283,0.6288384512683578
elasticnet,28,0.6342880051418178,0.22260915752143678,0.6194926568758344
logistic,28,0.636156776427329,0.22338422476548792,0.6281708945260347
xgboost,28,0.6375379907141956,0.2239585816860199,0.6381842456608812
lasso_lr,29,0.6574933339629327,0.23330674984652983,0.5855855855855856
ridge_lr,29,0.6564709727897419,0.23282358739781167,0.5936936936936937
elasticnet,29,0.6571625949339629,0.23315122419321177,0.5846846846846847
logistic,29,0.6564762039773422,0.23282607472919004,0.5936936936936937
xgboost,29,0.6596714043363019,0.234147846698761,0.5774774774774775
lasso_lr,30,0.6572453139477408,0.2332449035068078,0.5948012232415902
ridge_lr,30,0.6563627844207742,0.23281470987866543,0.6024464831804281
elasticnet,30,0.6570488377545101,0.23316198729419033,0.5963302752293578
logistic,30,0.6563928353406614,0.23282932823974958,0.6024464831804281
xgboost,30,0.6581543175241358,0.23359078168869019,0.6024464831804281
lasso_lr,31,0.6463823287359416,0.22717382268738542,0.6454545454545455
ridge_lr,31,0.6467958470906108,0.2274920927816854,0.6181818181818182
elasticnet,31,0.6464461408875818,0.22715229875677082,0.6454545454545455
logistic,31,0.6467541774854978,0.22746904349630728,0.6181818181818182
xgboost,31,0.6247144144662193,0.21677030622959137,0.6818181818181818
lasso_lr,32,0.6799664403087026,0.244613506493766,0.5303030303030303
ridge_lr,32,0.6806098996359414,0.24490675428209302,0.51010101010101
elasticnet,32,0.6801656190824338,0.24471725274479342,0.5303030303030303
logistic,32,0.6806402556949952,0.24491770044347466,0.51010101010101
xgboost,32,0.6625065495110654,0.2366243153810501,0.5505050505050505
lasso_lr,33,0.6867502939249178,0.2465417485058183,0.5790513833992095
ridge_lr,33,0.687813422502535,0.24692251834058165,0.5573122529644269
elasticnet,33,0.6867324559624135,0.24654513904282102,0.5830039525691699
logistic,33,0.6878346273815469,0.24693194714091757,0.5573122529644269
xgboost,33,0.6794325646714289,0.24322456121444702,0.5711462450592886
lasso_lr,34,0.6862753637809482,0.24576162771427076,0.5552486187845304
ridge_lr,34,0.6888706309977635,0.24679956340303086,0.5497237569060773
elasticnet,34,0.6867711303074321,0.24597684917059998,0.5552486187845304
logistic,34,0.6889268225728947,0.24682440752425144,0.5497237569060773
xgboost,34,0.6833161439765144,0.24319761991500854,0.5966850828729282
lasso_lr,35,0.6655742167407973,0.23623852219513103,0.6144859813084113
ridge_lr,35,0.6648765454888883,0.235922091799757,0.5911214953271028
elasticnet,35,0.665829128650052,0.23634902358754437,0.6144859813084113
logistic,35,0.6649101512492996,0.23593745819757223,0.5911214953271028
xgboost,35,0.6647850377162207,0.23613759875297546,0.5934579439252337
lasso_lr,36,0.6574567288284395,0.23162246540010575,0.6422018348623854
ridge_lr,36,0.6541291028941663,0.2300372076959771,0.6513761467889908
elasticnet,36,0.6581052995912455,0.23191847127542395,0.6376146788990825
logistic,36,0.6541438169868495,0.23004424833046722,0.6513761467889908
xgboost,36,0.6572497665137516,0.23184245824813843,0.6513761467889908
lasso_lr,37,0.6315103109460752,0.2217002969262328,0.6125
ridge_lr,37,0.6329368554492106,0.2223372481019129,0.6125
elasticnet,37,0.6314912265480522,0.2216691697653631,0.6125
logistic,37,0.6329930030849289,0.22229408245101343,0.6083333333333333
xgboost,37,0.6642914949944138,0.23661629855632782,0.5583333333333333
lasso_lr,38,0.6776138514116852,0.2399148802890095,0.6020408163265306
ridge_lr,38,0.6835227862193852,0.24245898046921102,0.5918367346938775
elasticnet,38,0.677402560067301,0.2397604955296906,0.6020408163265306
logistic,38,0.683030269091516,0.2422515494404789,0.6020408163265306
xgboost,38,0.6869572990750734,0.24626192450523376,0.576530612244898
lasso_lr,39,0.7071623705737692,0.25620530514534917,0.5290697674418605
ridge_lr,39,0.7087264683683242,0.25687465022805167,0.5348837209302325
elasticnet,39,0.7085214735234533,0.2568177629400059,0.5348837209302325
logistic,39,0.714729729089764,0.25928415241774094,0.5406976744186046
xgboost,39,0.6986591499318688,0.25131696462631226,0.5523255813953488
lasso_lr,40,0.6821778095768455,0.2419933672910766,0.5952797202797203
ridge_lr,40,0.6826590759858451,0.24199991805082288,0.6118881118881119
elasticnet,40,0.6819138273662615,0.2418435688871332,0.5979020979020979
logistic,40,0.6832382673397749,0.24228723812247469,0.6092657342657343
xgboost,40,0.6729669590681352,0.23903992772102356,0.597027972027972
lasso_lr,41,0.6661389838477995,0.23674854830750625,0.6001540832049307
ridge_lr,41,0.6665330611329413,0.2369391491480306,0.588597842835131
elasticnet,41,0.6665141341813574,0.2369300067796634,0.5955315870570108
logistic,41,0.6677622127550137,0.23746333489242966,0.5963020030816641
xgboost,41,0.6561689223568931,0.23171447217464447,0.6363636363636364
lasso_lr,42,0.6331539127532491,0.2219180157280112,0.6296477495107632
ridge_lr,42,0.6337326775942542,0.22225666801228167,0.62279843444227
elasticnet,42,0.633068712459171,0.22190498369286255,0.6281800391389433
logistic,42,0.6331633954926744,0.22198196076958623,0.62279843444227
xgboost,42,0.6377158479915926,0.22333310544490814,0.6340508806262231
lasso_lr,43,0.6355154796243989,0.22225320748313707,0.6474019088016967
ridge_lr,43,0.6382757193988917,0.2233814632362268,0.6458112407211029
elasticnet,43,0.6362118795887935,0.2225453113315633,0.6452810180275715
logistic,43,0.6392345611028034,0.2237981505713839,0.6458112407211029
xgboost,43,0.633339575961861,0.22105546295642853,0.6474019088016967
lasso_lr,44,0.6312278417254081,0.2205905658249085,0.6470588235294118
ridge_lr,44,0.6333968590719063,0.22157964291309123,0.6437291897891232
elasticnet,44,0.631975012628016,0.220890509535335,0.6448390677025527
logistic,44,0.6336773583322908,0.22170494764311058,0.6403995560488346
xgboost,44,0.6275474268037907,0.21908630430698395,0.646503884572697
lasso_lr,45,0.6395365823596201,0.2248318278644992,0.6330472103004292
ridge_lr,45,0.6391695843736899,0.2246359678068565,0.630901287553648
elasticnet,45,0.6395967439900856,0.22486883192756957,0.6266094420600858
logistic,45,0.6391872523020384,0.22464324449230405,0.630901287553648
xgboost,45,0.6448152484497826,0.22739416360855103,0.6201716738197425
lasso_lr,46,0.6720025109923072,0.2400675795261582,0.5633802816901409
ridge_lr,46,0.6729526822963786,0.24048093274910112,0.5647887323943662
elasticnet,46,0.6724328027423758,0.24027725799898408,0.5661971830985916
logistic,46,0.6729860737765008,0.24049580024738904,0.5647887323943662
xgboost,46,0.6572793915180662,0.2333359569311142,0.6070422535211267
lasso_lr,47,0.6040649718620749,0.20750563328523666,0.6693548387096774
ridge_lr,47,0.6017327628783077,0.20652791857081473,0.6854838709677419
elasticnet,47,0.6038288292817403,0.20741641719020548,0.6693548387096774
logistic,47,0.6008305685884069,0.2062057478123263,0.6854838709677419
xgboost,47,0.6274864474320752,0.21798604726791382,0.6854838709677419
lasso_lr,48,0.6070870401002363,0.2105184755620549,0.6971830985915493
ridge_lr,48,0.6041320426684125,0.20941693394853786,0.6971830985915493
elasticnet,48,0.6067470554325899,0.21043817055121605,0.6971830985915493
logistic,48,0.6041582687857766,0.20942896922828222,0.6971830985915493
xgboost,48,0.6088877819728054,0.21079187095165253,0.6443661971830986
lasso_lr,49,0.5998622398514623,0.20637928736697272,0.7
ridge_lr,49,0.5987260211929976,0.20593097370487712,0.7027777777777777
elasticnet,49,0.5997721346184371,0.20639533000205693,0.7
logistic,49,0.597591076540691,0.20544965529138126,0.6972222222222222
xgboost,49,0.6072707911516554,0.21016639471054077,0.6708333333333333
lasso_lr,50,0.6043309357457102,0.20927254383361124,0.6584507042253521
ridge_lr,50,0.604982259978099,0.20950821422203242,0.6566901408450704
elasticnet,50,0.6046588059693226,0.20942241134618755,0.6566901408450704
logistic,50,0.6050161767497535,0.20952390135697016,0.6566901408450704
xgboost,50,0.5999363396948026,0.2070905864238739,0.6751760563380281
lasso_lr,51,0.6073028544403398,0.21020207083341028,0.6666666666666666
ridge_lr,51,0.6076165036462273,0.21023889323100153,0.6645021645021645
elasticnet,51,0.6074043203365443,0.21024881959995165,0.6688311688311688
logistic,51,0.6076120172778275,0.21023710970646442,0.6645021645021645
xgboost,51,0.611914987861584,0.2122151404619217,0.6655844155844156
lasso_lr,52,0.5951464359512629,0.20447222673521803,0.6892688679245284
ridge_lr,52,0.5948450026683249,0.2044038091051813,0.6863207547169812
elasticnet,52,0.595178448221363,0.20448102368657786,0.6886792452830188
logistic,52,0.5951778318174789,0.20453156640415476,0.6910377358490566
xgboost,52,0.5975176123135583,0.2055862694978714,0.691627358490566
lasso_lr,53,0.6214844572356918,0.21654083785479109,0.6583783783783784
ridge_lr,53,0.6206704510523857,0.21628326684500507,0.6562162162162162
elasticnet,53,0.6218380690844366,0.21667446557579573,0.6583783783783784
logistic,53,0.6206938611007795,0.21629045922669887,0.6551351351351351
xgboost,53,0.6250547156486553,0.2178288847208023,0.6416216216216216
lasso_lr,54,0.6025830234143602,0.20921103212936362,0.6655092592592593
ridge_lr,54,0.6033379426063645,0.20952505300809446,0.6655092592592593
elasticnet,54,0.6026726205255925,0.20927190171626012,0.6643518518518519
logistic,54,0.603359339087352,0.20953878778054716,0.6666666666666666
xgboost,54,0.6045284781952475,0.2097562849521637,0.6753472222222222
lasso_lr,55,0.6438647680071842,0.22704235679546977,0.6189591078066915
ridge_lr,55,0.6437530659206766,0.2270445449266596,0.6133828996282528
elasticnet,55,0.6441297005681689,0.22715566023507056,0.6189591078066915
logistic,55,0.643777402431488,0.22705380724871757,0.6143122676579925
xgboost,55,0.6308517123293363,0.22128954529762268,0.6328996282527881
lasso_lr,56,0.6777359427959461,0.24189420874432416,0.5805739514348786
ridge_lr,56,0.6777096420752347,0.2418593772149507,0.5838852097130243
elasticnet,56,0.67782827375521,0.2419328891688595,0.5805739514348786
logistic,56,0.6777316167542884,0.24187030455684091,0.5838852097130243
xgboost,56,0.6702001825193578,0.238224595785141,0.6048565121412803
lasso_lr,57,0.6865861640930031,0.24367912534910002,0.6060070671378092
ridge_lr,57,0.683830307490173,0.24227361766190625,0.6201413427561837
elasticnet,57,0.6863309417667636,0.24356553139958703,0.607773851590106
logistic,57,0.6837875360665341,0.24225702718475645,0.6201413427561837
xgboost,57,0.6891631959814838,0.24536025524139404,0.6042402826855123
lasso_lr,58,0.6705878238531929,0.23936295797322857,0.5828220858895705
ridge_lr,58,0.6735205675277699,0.24057734465916633,0.5766871165644172
elasticnet,58,0.6704598837997149,0.23931639051864503,0.588957055214724
logistic,58,0.6735257348749962,0.2405782680047916,0.5766871165644172
xgboost,58,0.685812648178976,0.24644187092781067,0.5521472392638037
lasso_lr,59,0.6247303152145426,0.2154866853725388,0.6731843575418994
ridge_lr,59,0.6257422317089335,0.21602593253940128,0.6731843575418994
elasticnet,59,0.6252007507778442,0.21568956329169117,0.6703910614525139
logistic,59,0.6257890268359301,0.21604063221917783,0.6731843575418994
xgboost,59,0.6154582880944007,0.2127767950296402,0.6913407821229051
lasso_lr,60,0.6356763089465483,0.22317427922835795,0.637223974763407
ridge_lr,60,0.633681376858152,0.22234228748513216,0.6403785488958991
elasticnet,60,0.636280027600505,0.2234876288286312,0.637223974763407
logistic,60,0.6336576815720801,0.2223290716738017,0.6403785488958991
xgboost,60,0.6352771703831209,0.2234799563884735,0.6198738170347003
lasso_lr,61,0.6480186496568138,0.22983408264998753,0.6142857142857143
ridge_lr,61,0.6457406282342391,0.22874877041169872,0.6095238095238096
elasticnet,61,0.648628884683672,0.23012139739128995,0.6047619047619047
logistic,61,0.6462233330819179,0.22903289600360874,0.6047619047619047
xgboost,61,0.6530868797724534,0.2316354513168335,0.6142857142857143
lasso_lr,62,0.6880870478167272,0.2493432654779618,0.42857142857142855
ridge_lr,62,0.6878584719300559,0.2491140760454049,0.4523809523809524
elasticnet,62,0.6896661049377304,0.25008485580224943,0.42857142857142855
logistic,62,0.6879447465221347,0.24915614869412245,0.4523809523809524
xgboost,62,0.676853865385018,0.24491843581199646,0.4880952380952381
lasso_lr,63,0.9262055104242023,0.34044919899907583,0.5
ridge_lr,63,0.9001849942649166,0.33287493527731393,0.5
elasticnet,63,0.9208559139745865,0.33904239471740344,0.5
logistic,63,0.9002248198123796,0.33289488043746257,0.5
xgboost,63,0.8612587628248329,0.3242073357105255,0.5
lasso_lr,64,0.8064085015264439,0.29560759962785443,0.43617021276595747
ridge_lr,64,0.8054448814611352,0.29478481294316505,0.4574468085106383
elasticnet,64,0.8053378030625279,0.29509276902431636,0.44680851063829785
logistic,64,0.8050817549090956,0.2946107362086758,0.4574468085106383
xgboost,64,0.761697473980568,0.2810116112232208,0.4521276595744681
lasso_lr,65,0.7214246823456897,0.26406170434475457,0.4
ridge_lr,65,0.6845279840879834,0.2457202901413403,0.6
elasticnet,65,0.7122351025883191,0.2594612060830736,0.4
logistic,65,0.7065200867918005,0.2566188543833857,0.6
xgboost,65,0.7341948037341626,0.269450843334198,0.6
lasso_lr,66,0.6524674056925077,0.23057530559836897,0.6176470588235294
ridge_lr,66,0.6533074910255229,0.23103266509235518,0.6264705882352941
elasticnet,66,0.6525907046145561,0.23060172926183614,0.6264705882352941
logistic,66,0.6537660886136732,0.23123989417790544,0.6264705882352941
xgboost,66,0.6442913936577278,0.22744634747505188,0.6176470588235294
lasso_lr,67,0.6414676722058491,0.22496171996108733,0.6254681647940075
ridge_lr,67,0.6422911988016632,0.22537330135426142,0.6273408239700374
elasticnet,67,0.6414437470946224,0.2249959686001779,0.6279650436953808
logistic,67,0.6422190215755594,0.22538600466634146,0.6242197253433208
xgboost,67,0.6389521343727299,0.2238387018442154,0.6279650436953808
lasso_lr,68,0.6184788221564317,0.2149248756113881,0.6533180778032036
ridge_lr,68,0.6188092265672817,0.21503501409586476,0.6521739130434783
elasticnet,68,0.6184060842669753,0.21488139343044851,0.6544622425629291
logistic,68,0.6188183680738358,0.21504287771034278,0.652745995423341
xgboost,68,0.6292941672123364,0.22023969888687134,0.63558352402746
lasso_lr,69,0.617046033610011,0.21463902887856887,0.6362683438155137
ridge_lr,69,0.6172090429949918,0.21474876700025067,0.639412997903564
elasticnet,69,0.6172380429634069,0.21472649531389928,0.6362683438155137
logistic,69,0.6172799993324098,0.21475532580481455,0.6420335429769392
xgboost,69,0.6239170546714928,0.21775846183300018,0.6488469601677149
lasso_lr,70,0.6413928796391727,0.22567140267675578,0.615546218487395
ridge_lr,70,0.6430718725543678,0.22631104453219153,0.6113445378151261
elasticnet,70,0.6415135653941959,0.22572978450211292,0.615546218487395
logistic,70,0.6431191483660794,0.22633917602656448,0.6113445378151261
xgboost,70,0.6401167711292576,0.22520893812179565,0.6223739495798319
lasso_lr,71,0.6668828760456706,0.23589050270711606,0.5983870967741935
ridge_lr,71,0.6640474756310081,0.23453589266459693,0.6104838709677419
elasticnet,71,0.6673875968388097,0.23606979980254258,0.5935483870967742
logistic,71,0.6640971491697646,0.23455387445116682,0.6112903225806452
xgboost,71,0.6603851310991231,0.2334335297346115,0.635483870967742
lasso_lr,72,0.6631495968889095,0.23523195183326298,0.6027874564459931
ridge_lr,72,0.6641280484367369,0.2357951500374546,0.5993031358885017
elasticnet,72,0.6632460862657359,0.23525356936229364,0.6062717770034843
logistic,72,0.6639620537951183,0.23572196123101333,0.5975609756097561
xgboost,72,0.6512012784576323,0.2298891544342041,0.6114982578397212
lasso_lr,73,0.6695063980115185,0.23650029771305967,0.6102150537634409
ridge_lr,73,0.6687575652051331,0.23596281404410296,0.6075268817204301
elasticnet,73,0.6697840409670719,0.23661755722982594,0.6129032258064516
logistic,73,0.6687190133533754,0.23594039798132807,0.6075268817204301
xgboost,73,0.665853779833275,0.23637622594833374,0.5806451612903226
lasso_lr,74,0.6633134667846302,0.23536513886749424,0.6146788990825688
ridge_lr,74,0.6623835257676617,0.2350043272058984,0.6055045871559633
elasticnet,74,0.663202619714481,0.23529551506584231,0.6146788990825688
logistic,74,0.6623389962740485,0.2349840493992053,0.6055045871559633
xgboost,74,0.6876713030547599,0.24610204994678497,0.573394495412844
lasso_lr,75,0.6411095128964722,0.22633711658393407,0.6116751269035533
ridge_lr,75,0.6413608191792619,0.22644480052530144,0.6192893401015228
elasticnet,75,0.6412269081067234,0.22640871231805498,0.6091370558375635
logistic,75,0.641382020979042,0.22645437236944058,0.6192893401015228
xgboost,75,0.6316442879272959,0.22202669084072113,0.6269035532994924
lasso_lr,76,0.6769098791233407,0.24014304200317763,0.5975609756097561
ridge_lr,76,0.6783374289434526,0.24084844489814056,0.5958188153310104
elasticnet,76,0.677502861880663,0.24036811339918623,0.5966898954703833
logistic,76,0.6784009751151981,0.240875025118962,0.5958188153310104
xgboost,76,0.6600774879286294,0.23337005078792572,0.6254355400696864
lasso_lr,77,0.6360630570148831,0.22274989525865266,0.6452164009111617
ridge_lr,77,0.6353183274706933,0.2224012730498531,0.6469248291571754
elasticnet,77,0.6360368489896014,0.22274862869764234,0.643507972665148
logistic,77,0.6353627508564847,0.22242585743618268,0.6480637813211845
xgboost,77,0.6418597993734464,0.2252775877714157,0.6304100227790432
lasso_lr,78,0.6162677665161239,0.21379063819329958,0.6723107569721115
ridge_lr,78,0.6169915439226036,0.2140515209839567,0.6673306772908366
elasticnet,78,0.6163955558541399,0.21385400772492943,0.6703187250996016
logistic,78,0.6170195950416028,0.21406326758712033,0.6673306772908366
xgboost,78,0.6166555373565158,0.21415793895721436,0.6693227091633466
lasso_lr,79,0.6237265112108887,0.2177956992274769,0.6573099415204678
ridge_lr,79,0.6234937122483655,0.2176729972021911,0.6596491228070176
elasticnet,79,0.6238929647568398,0.2178705824437983,0.6573099415204678
logistic,79,0.6234504411339531,0.21765644164803133,0.6596491228070176
xgboost,79,0.622415121463173,0.21707667410373688,0.6450292397660818
lasso_lr,80,0.6642395024234016,0.23398484425113958,0.6223076923076923
ridge_lr,80,0.6641202284237118,0.23400795973171948,0.6338461538461538
elasticnet,80,0.664175531956506,0.23400079000288945,0.6253846153846154
logistic,80,0.6636698266253018,0.23394339165153943,0.6269230769230769
xgboost,80,0.6508796704904942,0.22976712882518768,0.6053846153846154
lasso_lr,81,0.6448847346192409,0.22743546446068963,0.5868544600938967
ridge_lr,81,0.6443950879428939,0.22726205547722897,0.5915492957746479
elasticnet,81,0.6448074456142154,0.2274163194391315,0.5915492957746479
logistic,81,0.6444050098037438,0.2272670203350589,0.5915492957746479
xgboost,81,0.6445780472491265,0.22714518010616302,0.613849765258216
lasso_lr,82,0.6371426851354628,0.22466802830032165,0.6
ridge_lr,82,0.634897973995219,0.22365613770420587,0.6
elasticnet,82,0.6372160335320051,0.2247325191593848,0.5975
logistic,82,0.6349074072276766,0.2236622083124024,0.6
xgboost,82,0.6411828134255794,0.22567570209503174,0.6125
lasso_lr,83,0.6551585604274741,0.23095557769402744,0.604982206405694
ridge_lr,83,0.6508437500919132,0.22926408648247787,0.6014234875444839
elasticnet,83,0.6523890979876993,0.22974905731080464,0.604982206405694
logistic,83,0.6508352867025983,0.22925912098607898,0.6014234875444839
xgboost,83,0.6590540981756384,0.23327764868736267,0.6103202846975089
lasso_lr,84,0.6136486487110635,0.21010354947776066,0.6875
ridge_lr,84,0.6132721479058442,0.210035792909757,0.6840277777777778
elasticnet,84,0.6136248210689899,0.21009864170471204,0.6805555555555556
logistic,84,0.6132866252642428,0.21004268257103098,0.6840277777777778
xgboost,84,0.6333228631462481,0.22039280831813812,0.6527777777777778
lasso_lr,85,0.708219075421717,0.253223017110067,0.6032608695652174
ridge_lr,85,0.7050716997723525,0.2524647470086418,0.6086956521739131
elasticnet,85,0.7091609985674326,0.25358227686530305,0.6032608695652174
logistic,85,0.7051481057032719,0.2524879032312284,0.6086956521739131
xgboost,85,0.6618215520226818,0.23593144118785858,0.5896739130434783
lasso_lr,86,0.6355214279121604,0.22157588767072325,0.6638888888888889
ridge_lr,86,0.6342368593336798,0.2208691075922378,0.6583333333333333
elasticnet,86,0.6358308587077941,0.22169278424252406,0.6555555555555556
logistic,86,0.6342239977294747,0.22086360024393087,0.6555555555555556
xgboost,86,0.6458162075681622,0.22563205659389496,0.6638888888888889
lasso_lr,87,0.6594274376443934,0.23262754294131516,0.625
ridge_lr,87,0.6598823465419194,0.23275725450421736,0.6064814814814815
elasticnet,87,0.659939020961175,0.23282899291835785,0.6203703703703703
logistic,87,0.6597833848130911,0.23272156116220094,0.6064814814814815
xgboost,87,0.6546243641450933,0.23133134841918945,0.6064814814814815
lasso_lr,88,0.610832349167759,0.21204310354436476,0.6585365853658537
ridge_lr,88,0.6143026701552309,0.2137538422147362,0.6524390243902439
elasticnet,88,0.6111940088519049,0.21225510861257701,0.6585365853658537
logistic,88,0.612496927244889,0.21285193866872376,0.6585365853658537
xgboost,88,0.6187869729015464,0.21414747834205627,0.6890243902439024
lasso_lr,89,0.7154882432850903,0.2562241101260763,0.5882352941176471
ridge_lr,89,0.7012230089445617,0.2502206668943996,0.5882352941176471
elasticnet,89,0.7117311356588762,0.2546511291630461,0.5882352941176471
logistic,89,0.7115840347723122,0.2544840746438665,0.5882352941176471
xgboost,89,0.7270597965626076,0.2635817229747772,0.5588235294117647
lasso_lr,90,0.6462667085812173,0.22478709901778626,0.6986301369863014
ridge_lr,90,0.6425706812875971,0.22320060356289387,0.6986301369863014
elasticnet,90,0.6434852506726528,0.22368076430114606,0.6986301369863014
logistic,90,0.6440322428923567,0.2237841199984708,0.6986301369863014
xgboost,90,0.6278943695650985,0.2192607969045639,0.6575342465753424
lasso_lr,91,0.6495131902413835,0.23030077971600588,0.6053639846743295
ridge_lr,91,0.6514011570114491,0.2311133989705616,0.6053639846743295
elasticnet,91,0.6511358070432781,0.23096867460706383,0.6053639846743295
logistic,91,0.6516631235638795,0.23125494438003197,0.6053639846743295
xgboost,91,0.6592637202361407,0.23440521955490112,0.5862068965517241
lasso_lr,92,0.6299280935190754,0.2215002510210116,0.6346153846153846
ridge_lr,92,0.629928485329783,0.22151464767828336,0.639792899408284
elasticnet,92,0.6293251714097511,0.22129069487012815,0.6375739644970414
logistic,92,0.6308954669392405,0.22193078404056857,0.6375739644970414
xgboost,92,0.6352952641415095,0.22288522124290466,0.6220414201183432
lasso_lr,93,0.6192104782291784,0.21589702311321876,0.627
ridge_lr,93,0.6197386345808247,0.21599938069539862,0.626
elasticnet,93,0.6182643193872993,0.21562937165968632,0.633
logistic,93,0.6210599289359404,0.21656386864554217,0.63
xgboost,93,0.6201519145433411,0.2170247733592987,0.628
lasso_lr,94,0.6067354927289397,0.2094916391484979,0.6824769433465085
ridge_lr,94,0.6070718101535949,0.2096359710304485,0.6831357048748353
elasticnet,94,0.6055369484931974,0.2088607493311137,0.6831357048748353
logistic,94,0.6084215853817642,0.2100800163136883,0.6758893280632411
xgboost,94,0.5988556855263807,0.20605331659317017,0.6811594202898551
lasso_lr,95,0.63190360716245,0.22069299457835426,0.6382460414129111
ridge_lr,95,0.6310572904735295,0.220259192970927,0.6382460414129111
elasticnet,95,0.6311185880117822,0.22034515022692233,0.6339829476248477
logistic,95,0.6315725315980273,0.22047213071521218,0.6394640682095006
xgboost,95,0.6283519086876425,0.2193886786699295,0.6272838002436053
lasso_lr,96,0.6755847521611732,0.24152305129916096,0.5926294820717132
ridge_lr,96,0.6777315430315746,0.24247452735073113,0.5906374501992032
elasticnet,96,0.6757824536951396,0.24156066899192405,0.5896414342629482
logistic,96,0.6779215916813297,0.2425615009571412,0.5896414342629482
xgboost,96,0.6723314184434123,0.23906202614307404,0.6125498007968128
lasso_lr,97,0.6446027101642852,0.22736592461617672,0.6314285714285715
ridge_lr,97,0.6454702879876483,0.2277549709056152,0.6242857142857143
elasticnet,97,0.6451945397017612,0.22760893874611643,0.6314285714285715
logistic,97,0.6454933436966052,0.2277701943522052,0.6228571428571429
xgboost,97,0.6509586198762153,0.22996285557746887,0.6371428571428571
lasso_lr,98,0.6743532893980535,0.24111453681650652,0.57981220657277
ridge_lr,98,0.6690106561947132,0.23875385648262354,0.5774647887323944
elasticnet,98,0.6731955596276843,0.24059237195868227,0.5821596244131455
logistic,98,0.6688924024377556,0.23870169370948638,0.5845070422535211
xgboost,98,0.6725525538737573,0.24004116654396057,0.6103286384976526
lasso_lr,99,0.6450398345678904,0.22705406328493327,0.6094527363184079
ridge_lr,99,0.6468371872978267,0.2282202223967009,0.6094527363184079
elasticnet,99,0.6463080395913674,0.22775595742042415,0.6169154228855721
logistic,99,0.646221411608341,0.22807906692422894,0.6119402985074627
xgboost,99,0.6618330036643598,0.23448723554611206,0.6019900497512438
lasso_lr,100,0.6514529806851411,0.23016982553640994,0.5941358024691358
ridge_lr,100,0.6517062983052947,0.23018857351118618,0.6141975308641975
elasticnet,100,0.6507269760364661,0.22978852225440327,0.6111111111111112
logistic,100,0.653944602292559,0.2311450691578891,0.6172839506172839
xgboost,100,0.6336289835098388,0.22239063680171967,0.6311728395061729
lasso_lr,101,0.5981134350566436,0.20633208613268705,0.6608497723823976
ridge_lr,101,0.5981944205906335,0.20601688067029378,0.6638846737481032
elasticnet,101,0.5983226561381523,0.2063247558484079,0.665402124430956
logistic,101,0.598253463906667,0.20603600970132274,0.6638846737481032
xgboost,101,0.5945142926861496,0.2059577852487564,0.6729893778452201
lasso_lr,102,0.5645857685274525,0.19293264030144,0.7086801426872771
ridge_lr,102,0.5653792028581484,0.1931881686603795,0.7063020214030915
elasticnet,102,0.5646575993932818,0.19297089250932034,0.7063020214030915
logistic,102,0.5654139608868441,0.19320475091576406,0.7063020214030915
xgboost,102,0.5665675736664195,0.19402466714382172,0.6961950059453033
lasso_lr,103,0.5704527844623367,0.1951297274495818,0.704
ridge_lr,103,0.5698157097909602,0.19481299682336636,0.7008
elasticnet,103,0.5707930354087123,0.1952870132391827,0.7056
logistic,103,0.5698406726334044,0.19482355663948878,0.7008
xgboost,103,0.5731576239664199,0.19633087515830994,0.7016
lasso_lr,104,0.6126164996414838,0.21175366890451794,0.6644542772861357
ridge_lr,104,0.6117628887348475,0.21153011421696674,0.6629793510324484
elasticnet,104,0.6128468293681688,0.2118442685536318,0.6637168141592921
logistic,104,0.6117982885826733,0.211544165725624,0.6629793510324484
xgboost,104,0.6068148326121502,0.20925630629062653,0.6651917404129793
lasso_lr,105,0.6431506087623162,0.22530220511567436,0.6324921135646687
ridge_lr,105,0.6453055506895573,0.22630550880569444,0.6293375394321766
elasticnet,105,0.6435475526058714,0.22552657433572987,0.6301261829652997
logistic,105,0.6453370139259945,0.22631788845351514,0.6293375394321766
xgboost,105,0.6404404891092979,0.2241065353155136,0.6498422712933754
lasso_lr,106,0.629067818866875,0.21838974262369396,0.6634615384615384
ridge_lr,106,0.628900319564296,0.21853880800544956,0.6538461538461539
elasticnet,106,0.6295156911506826,0.21865338104983212,0.6538461538461539
logistic,106,0.6289246809558916,0.21855275685118825,0.6538461538461539
xgboost,106,0.6364026722961497,0.22191134095191956,0.6517094017094017
lasso_lr,107,0.6514311217437051,0.23063947255374112,0.6161417322834646
ridge_lr,107,0.65225546919124,0.2309825925458698,0.6220472440944882
elasticnet,107,0.6515219480425434,0.23070811757809193,0.6200787401574803
logistic,107,0.6522645313302459,0.2309854947734212,0.6220472440944882
xgboost,107,0.6629589130068473,0.2353871613740921,0.6043307086614174
lasso_lr,108,0.6818423719722583,0.24423828882573984,0.5889328063241107
ridge_lr,108,0.6788716737146372,0.24278132055863658,0.5770750988142292
elasticnet,108,0.6816622812915689,0.2440949356440403,0.5889328063241107
logistic,108,0.6789172748761257,0.24279974507403396,0.5810276679841897
xgboost,108,0.6860554524276542,0.2463182955980301,0.5652173913043478
